country,net_usd,tax_usd,total_usd
COLOMBIA,649.9999999999999,123.49999999999999,773.4999999999999
ECUADOR,1800.0,216.0,2016.0
PERU,945.0000000000001,170.10000000000002,1115.1000000000001
